{
    "info": {
        "name": "AWS Lambda CRUD with MongoDB",
        "schema": "https://schema.getpostman.com/json/collection/v2.1.0/collection.json"
    },
    "item": [
        {
            "name": "Create Item",
            "request": {
                "method": "POST",
                "header": [],
                "body": {
                    "mode": "raw",
                    "raw": "{\"name\": \"Sample Item\", \"description\": \"This is a sample item.\"}",
                    "options": {
                        "raw": {
                            "language": "json"
                        }
                    }
                },
                "url": {
                    "raw": "{{url}}/items",
                    "host": [
                        "{{url}}"
                    ],
                    "path": [
                        "items"
                    ]
                }
            }
        },
        {
            "name": "Read Item",
            "request": {
                "method": "GET",
                "header": [],
                "url": {
                    "raw": "{{url}}/items/{{itemId}}",
                    "host": [
                        "{{url}}"
                    ],
                    "path": [
                        "items",
                        "{{itemId}}"
                    ]
                }
            }
        },
        {
            "name": "Update Item",
            "request": {
                "method": "PUT",
                "header": [],
                "body": {
                    "mode": "raw",
                    "raw": "{\"name\": \"Updated Item\", \"description\": \"This item has been updated.\"}",
                    "options": {
                        "raw": {
                            "language": "json"
                        }
                    }
                },
                "url": {
                    "raw": "{{url}}/items/{{itemId}}",
                    "host": [
                        "{{url}}"
                    ],
                    "path": [
                        "items",
                        "{{itemId}}"
                    ]
                }
            }
        },
        {
            "name": "Delete Item",
            "request": {
                "method": "DELETE",
                "header": [],
                "url": {
                    "raw": "{{url}}/items/{{itemId}}",
                    "host": [
                        "{{url}}"
                    ],
                    "path": [
                        "items",
                        "{{itemId}}"
                    ]
                }
            }
        }
    ]
}